{"cameraMode":{"drawMode":0,"name":"Shaded","section":"Shading Mode"},"sceneLighting":true,"audioPlay":false,"sceneViewState":{"m_AlwaysRefresh":false,"showFog":true,"showSkybox":true,"showFlares":true,"showImageEffects":true,"showParticleSystems":true,"showVisualEffectGraphs":true,"m_FxEnabled":true},"in2DMode":false,"pivot":{"x":-0.3796689510345459,"y":2.834434986114502,"z":8.291994094848633},"rotation":{"x":0.02849619835615158,"y":0.0015001764986664057,"z":-0.00003995222505182028,"w":0.9996016621589661},"size":13.673073768615723,"orthographic":false}