{"cameraMode":{"drawMode":0,"name":"Shaded","section":"Shading Mode"},"sceneLighting":true,"audioPlay":false,"sceneViewState":{"m_AlwaysRefresh":false,"showFog":true,"showSkybox":true,"showFlares":true,"showImageEffects":true,"showParticleSystems":true,"showVisualEffectGraphs":true,"m_FxEnabled":true},"in2DMode":false,"pivot":{"x":0.029389068484306337,"y":1.4963204860687256,"z":-0.14145004749298097},"rotation":{"x":0.21580493450164796,"y":0.07212121039628983,"z":-0.01583712548017502,"w":0.9737175703048706},"size":2.0945653915405275,"orthographic":false}