{"cameraMode":{"drawMode":0,"name":"Shaded","section":"Shading Mode"},"sceneLighting":true,"audioPlay":false,"sceneViewState":{"m_AlwaysRefresh":false,"showFog":true,"showSkybox":true,"showFlares":true,"showImageEffects":true,"showParticleSystems":true,"showVisualEffectGraphs":true,"m_FxEnabled":true},"in2DMode":false,"pivot":{"x":0.029389068484306337,"y":1.4963204860687256,"z":-0.14145004749298097},"rotation":{"x":0.32671985030174258,"y":-0.06331049650907517,"z":0.022090615704655649,"w":0.9428195357322693},"size":1.7945654392242432,"orthographic":false}